From,To
Big Bang,Physical cosmology
Big Bang,string theory
Chaos theory,Chaos theory
Classical mechanics,Field theory
Classical mechanics,Chaos theory
Classical mechanics,Standard Model
Classical mechanics,theory of everything
Classical mechanics,Quantum mechanics
Classical mechanics,Quantum field theory
Classical mechanics,Classical mechanics
Classical mechanics,Classical mechanics
Classical mechanics,Luminiferous aether
Classical mechanics,Classical electromagnetism
Classical mechanics,Quantum mechanics
Classical field theory,Classical mechanics
Classical field theory,Quantum field theory
Classical field theory,Chaos theory
Classical field theory,Field theory
Kinetic theory of gases,Kinetic theory of gases
Classical electromagnetism,Classical mechanics
Classical electromagnetism,Quantum mechanics
Perturbation theory (quantum mechanics),Perturbation theory (quantum mechanics)
Perturbation theory (quantum mechanics),Chaos theory
Perturbation theory (quantum mechanics),Field theory
Physical cosmology,Big Bang
Physical cosmology,Big Bang
Physical cosmology,Big Bang
Physical cosmology,Big Bang
Physical cosmology,string theory
Physical cosmology,Quantum field theory
Physical cosmology,Physical cosmology
Physical cosmology,Big Bang
Physical cosmology,Big Bang
Quantum chromodynamics,Standard Model
Quantum chromodynamics,Standard Model
Quantum chromodynamics,Quantum field theory
Quantum chromodynamics,Standard Model
Quantum chromodynamics,Standard Model
Quantum chromodynamics,Quantum field theory
Quantum chromodynamics,Quantum electrodynamics
Quantum chromodynamics,Quantum electrodynamics
Quantum chromodynamics,Standard Model
Quantum chromodynamics,Quantum thermodynamics
Quantum chromodynamics,Standard Model
Quantum chromodynamics,Quantum field theory
Quantum chromodynamics,Quantum electrodynamics
Quantum chromodynamics,Classical mechanics
Quantum chromodynamics,Classical electromagnetism
Quantum chromodynamics,Quantum mechanics
Quantum complexity theory,Quantum mechanics
Quantum complexity theory,Classical mechanics
Quantum complexity theory,Scattering theory
Quantum complexity theory,Wave–particle duality
Quantum complexity theory,Quantum field theory
Quantum complexity theory,Relativistic quantum mechanics
Quantum electrodynamics,Quantum field theory
Quantum electrodynamics,Field theory
Quantum electrodynamics,Quantum mechanics
Quantum electrodynamics,Standard Model
Quantum electrodynamics,Quantum chromodynamics
Quantum electrodynamics,Quantum mechanics
Quantum electrodynamics,Quantum chromodynamics
Quantum electrodynamics,Standard Model
Quantum electrodynamics,Quantum thermodynamics
Quantum electrodynamics,Quantum mechanics
Quantum electrodynamics,Classical mechanics
Quantum electrodynamics,Scattering theory
Quantum electrodynamics,Wave–particle duality
Quantum electrodynamics,Quantum complexity theory
Quantum electrodynamics,Quantum field theory
Quantum electrodynamics,Relativistic quantum mechanics
Quantum electrodynamics,Standard Model
Quantum electrodynamics,Quantum field theory
Quantum electrodynamics,Quantum chromodynamics
Quantum electrodynamics,Classical mechanics
Quantum electrodynamics,Classical electromagnetism
Quantum electrodynamics,Quantum mechanics
Quantum field theory,Field theory
Quantum field theory,Quantum mechanics
Quantum field theory,Standard Model
Quantum field theory,Quantum electrodynamics
Quantum field theory,Quantum chromodynamics
Quantum field theory,Standard Model
Quantum field theory,Standard Model
Quantum field theory,Quantum chromodynamics
Quantum field theory,Standard Model
Quantum field theory,string theory
Quantum field theory,Classical field theory
Quantum field theory,Standard Model
Quantum field theory,string theory
Quantum field theory,Quantum chromodynamics
Quantum field theory,string theory
Quantum field theory,Chern–Simons theory
Quantum field theory,AdS/CFT correspondence
Quantum field theory,Quantum electrodynamics
Quantum field theory,Quantum field theory in curved spacetime
Quantum field theory,Quantum chromodynamics
Quantum field theory,Quantum field theory
Quantum field theory,Quantum electrodynamics
Quantum field theory,Quantum chromodynamics
Quantum field theory,Standard Model
Quantum field theory,Quantum thermodynamics
Quantum field theory,Quantum mechanics
Quantum field theory,Classical mechanics
Quantum field theory,Scattering theory
Quantum field theory,Wave–particle duality
Quantum field theory,Quantum complexity theory
Quantum field theory,Relativistic quantum mechanics
Quantum field theory,AdS/CFT correspondence
Quantum field theory,Classical mechanics
Quantum field theory,Classical electromagnetism
Quantum field theory,Quantum mechanics
Quantum field theory,Standard Model
Quantum field theory,Quantum chromodynamics
Quantum field theory,Quantum electrodynamics
Quantum field theory in curved spacetime,Quantum field theory
Quantum field theory in curved spacetime,Field theory
Quantum field theory in curved spacetime,Quantum mechanics
Quantum field theory in curved spacetime,Standard Model
Quantum field theory in curved spacetime,Quantum electrodynamics
Quantum field theory in curved spacetime,Quantum chromodynamics
Quantum field theory in curved spacetime,graviton
Quantum field theory in curved spacetime,AdS/CFT correspondence
Quantum field theory in curved spacetime,Quantum electrodynamics
Quantum field theory in curved spacetime,Quantum chromodynamics
Quantum field theory in curved spacetime,Standard Model
Quantum field theory in curved spacetime,Quantum thermodynamics
Quantum mechanics,Classical mechanics
Quantum mechanics,Relativistic quantum mechanics
Quantum mechanics,Quantum field theory
Quantum mechanics,Scattering theory
Quantum mechanics,interpretations of quantum mechanics
Quantum mechanics,Quantum field theory
Quantum mechanics,string theory
Quantum mechanics,string theory
Quantum mechanics,graviton
Quantum mechanics,Classical mechanics
Quantum mechanics,Scattering theory
Quantum mechanics,Wave–particle duality
Quantum mechanics,Quantum complexity theory
Quantum mechanics,Quantum field theory
Quantum mechanics,Relativistic quantum mechanics
Quantum mechanics,Classical mechanics
Quantum mechanics,Classical electromagnetism
Quantum thermodynamics,Quantum mechanics
Quantum thermodynamics,Classical mechanics
Quantum thermodynamics,Relativistic quantum mechanics
Quantum thermodynamics,Quantum field theory
Quantum thermodynamics,Scattering theory
Quantum thermodynamics,Classical mechanics
Quantum thermodynamics,Classical electromagnetism
Quantum thermodynamics,Quantum mechanics
Relativistic quantum mechanics,Quantum mechanics
Relativistic quantum mechanics,Classical mechanics
Relativistic quantum mechanics,Quantum field theory
Relativistic quantum mechanics,Scattering theory
Relativistic quantum mechanics,Relativistic quantum mechanics
Relativistic quantum mechanics,Quantum mechanics
Relativistic quantum mechanics,Classical mechanics
Relativistic quantum mechanics,Scattering theory
Relativistic quantum mechanics,Wave–particle duality
Relativistic quantum mechanics,Quantum complexity theory
Relativistic quantum mechanics,Quantum field theory
Standard Model,Quantum field theory
Standard Model,Quantum chromodynamics
Standard Model,graviton
Standard Model,Quantum chromodynamics
Standard Model,graviton
Standard Model,Quantum electrodynamics
Standard Model,Quantum chromodynamics
Standard Model,theory of everything
Standard Model,graviton
Standard Model,theory of everything
Standard Model,Quantum electrodynamics
Standard Model,Quantum chromodynamics
Standard Model,Quantum field theory
Standard Model,Standard Model
Standard Model,Standard Model
Standard Model,Quantum field theory
Standard Model,Quantum chromodynamics
Standard Model,Quantum electrodynamics
Standard Model,Wave–particle duality
Standard Model,Quantum electrodynamics
Standard Model,Quantum chromodynamics
Standard Model,Quantum thermodynamics
Standard Model,Classical mechanics
Standard Model,Classical electromagnetism
Standard Model,Quantum mechanics
Theory of relativity,Theory of relativity
Theory of relativity,Theory of relativity
Theory of relativity,Wave–particle duality
Theory of relativity,Classical mechanics
Theory of relativity,Classical electromagnetism
Theory of relativity,Quantum mechanics
interpretations of quantum mechanics,Quantum mechanics
interpretations of quantum mechanics,Classical mechanics
interpretations of quantum mechanics,Relativistic quantum mechanics
interpretations of quantum mechanics,Quantum field theory
interpretations of quantum mechanics,Scattering theory
interpretations of quantum mechanics,Quantum mechanics
interpretations of quantum mechanics,Quantum mechanics
interpretations of quantum mechanics,Classical mechanics
interpretations of quantum mechanics,Scattering theory
interpretations of quantum mechanics,Wave–particle duality
interpretations of quantum mechanics,Quantum complexity theory
interpretations of quantum mechanics,Quantum field theory
interpretations of quantum mechanics,Relativistic quantum mechanics
AdS/CFT correspondence,string theory
AdS/CFT correspondence,string theory
AdS/CFT correspondence,Quantum field theory
AdS/CFT correspondence,Big Bang
AdS/CFT correspondence,string theory
AdS/CFT correspondence,Chern–Simons theory
graviton,string theory
graviton,Standard Model
graviton,Standard Model
graviton,Wave–particle duality
graviton,AdS/CFT correspondence
graviton,AdS/CFT correspondence
magnetic monopole,Standard Model
magnetic monopole,string theory
magnetic monopole,Big Bang
magnetic monopole,Ginzburg–Landau theory
magnetic monopole,Standard Model
magnetic monopole,Wave–particle duality
string theory,AdS/CFT correspondence
string theory,graviton
string theory,theory of everything
string theory,graviton
string theory,theory of everything
string theory,AdS/CFT correspondence
string theory,Big Bang
string theory,AdS/CFT correspondence
string theory,AdS/CFT correspondence
string theory,AdS/CFT correspondence
string theory,string theory
string theory,AdS/CFT correspondence
string theory,Chaos theory
string theory,Field theory
theory of everything,Standard Model
theory of everything,Standard Model
theory of everything,Big Bang
theory of everything,string theory
theory of everything,Standard Model
theory of everything,string theory
theory of everything,pseudoscience
theory of everything,Standard Model
theory of everything,Standard Model
theory of everything,Quantum field theory
theory of everything,Quantum chromodynamics
theory of everything,Quantum electrodynamics
protoscience,pseudoscience
protoscience,pseudoscience
protoscience,protoscience
pseudoscience,pseudoscience
Aether (classical element),Luminiferous aether
Luminiferous aether,Wave–particle duality
Luminiferous aether,Aether (classical element)
Luminiferous aether,Luminiferous aether
Luminiferous aether,Luminiferous aether
Luminiferous aether,Classical mechanics
Stochastic electrodynamics,Quantum mechanics
Stochastic electrodynamics,Classical mechanics
Stochastic electrodynamics,Relativistic quantum mechanics
Stochastic electrodynamics,Quantum field theory
Stochastic electrodynamics,Scattering theory
Stochastic electrodynamics,Classical mechanics
Stochastic electrodynamics,Classical electromagnetism
Stochastic electrodynamics,Quantum mechanics
